imagen,titulo,precio
https://cdn.media.amplience.net/i/primark/991092606002_01,Camiseta de malla de Las Vegas Raiders de la NFL,"11,00€"
https://cdn.media.amplience.net/i/primark/991089251108_01,Camisa Oxford a rayas,"9,00€"
https://cdn.media.amplience.net/i/primark/991092291804_03,Camiseta de Las Vegas Raiders de la NFL,"11,00€"
https://cdn.media.amplience.net/i/primark/991099722804_01,Camiseta del Inter Miami,"9,00€"
https://cdn.media.amplience.net/i/primark/991091305352_03,Camiseta de manga corta de Lego «Stronger Together»,"8,00€"
https://cdn.media.amplience.net/i/primark/991089084935_01,Camiseta de manga corta con estampado de baloncesto,"2,80€"
https://cdn.media.amplience.net/i/primark/991089187505_01,Camisa vaquera de manga larga,"10,00€"
https://cdn.media.amplience.net/i/primark/991090321558_03,Pack de 2 camisetas con efecto degradado a juego,"6,00€"
https://cdn.media.amplience.net/i/primark/991090924002_01,Camiseta a rayas con textura,"3,50€"
https://cdn.media.amplience.net/i/primark/991092643804_01,Camiseta de los Chicago Bulls de la NBA,"11,00€"
https://cdn.media.amplience.net/i/primark/991090963514_01,Camiseta de jacquard con textura,"3,50€"
https://cdn.media.amplience.net/i/primark/991090907116_01,Camiseta acanalada a rayas,"3,50€"
https://cdn.media.amplience.net/i/primark/991089693804_01,Camiseta de manga corta con textura,"3,50€"
https://cdn.media.amplience.net/i/primark/991090196116_01,Camiseta de manga corta con estampado,"3,50€"
https://cdn.media.amplience.net/i/primark/991092607707_01,Camiseta de Los Angeles Lakers de la NBA,"11,00€"
https://cdn.media.amplience.net/i/primark/991090229116_01,Camisa de manga corta a rayas,"3,50€"
https://cdn.media.amplience.net/i/primark/991090497528_01,Camiseta flameada a rayas,"3,00€"
https://cdn.media.amplience.net/i/primark/991076725528_01,Polo de punto flameado,"6,00€"
https://cdn.media.amplience.net/i/primark/991090615505_03,Camisa de manga corta a rayas,"3,00€"
https://cdn.media.amplience.net/i/primark/991090739528_01,Camiseta de manga corta de piqué,"3,00€"
https://cdn.media.amplience.net/i/primark/991090472528_01,Camisa de manga corta a rayas,"3,50€"
https://cdn.media.amplience.net/i/primark/991092664980_01,Camiseta tie-dye de la WWE,"9,00€"
https://cdn.media.amplience.net/i/primark/991090628414_03,Pack de 3 camisetas surtidas,"8,00€"
https://cdn.media.amplience.net/i/primark/991090252002_03,Camiseta estampada «New York»,"7,00€"
https://cdn.media.amplience.net/i/primark/991090480804_03,Pack de 3 camisetas de manga corta,"10,00€"
https://cdn.media.amplience.net/i/primark/991089165002_01,Camiseta de manga corta con estampado,"2,30€"
https://cdn.media.amplience.net/i/primark/991091113108_01,Sudadera de cuello redondo de Pink Floyd,"13,00€"
https://cdn.media.amplience.net/i/primark/991091847530_01,Camiseta tie-dye de Naruto,"9,00€"
https://cdn.media.amplience.net/i/primark/991089146416_01,Camiseta con estampado de skate,"2,80€"
https://cdn.media.amplience.net/i/primark/991090300716_01,Camiseta de manga corta con estampado gráfico,"2,30€"
https://cdn.media.amplience.net/i/primark/991091323002_01,Camiseta con estampado de bloques de Minecraft,"9,00€"
https://cdn.media.amplience.net/i/primark/991091226108_03,"Camiseta de Sonic, el erizo","8,00€"
https://cdn.media.amplience.net/i/primark/991086532002_01,Camiseta con estampado «Unstoppable»,"5,00€"
https://cdn.media.amplience.net/i/primark/991091134935_01,Camiseta con salpicaduras de pintura de Pokémon,"9,00€"
https://cdn.media.amplience.net/i/primark/991090369505_03,Camiseta estampada de cuello redondo,"2,80€"
https://cdn.media.amplience.net/i/primark/991086532804_03,Camiseta con estampado «Unstoppable»,"5,00€"
https://cdn.media.amplience.net/i/primark/991089226352_01,Camiseta de baloncesto estampada,"2,50€"
https://cdn.media.amplience.net/i/primark/991090300305_01,Camiseta de manga corta con estampado gráfico,"2,30€"
https://cdn.media.amplience.net/i/primark/991089003414_01,Camiseta de manga corta con estampado,"2,00€"
https://cdn.media.amplience.net/i/primark/991092081208_01,Camiseta de Los Angeles Lakers de la NBA,"10,00€"
https://cdn.media.amplience.net/i/primark/991089054208_01,Camiseta con estampado gráfico de robot,"2,30€"
https://cdn.media.amplience.net/i/primark/991091948002_01,Camiseta de los Chicago Bulls de la NBA,"10,00€"
https://cdn.media.amplience.net/i/primark/991085486505_01,Camiseta deportiva de manga corta,"3,50€"
https://cdn.media.amplience.net/i/primark/991085744208_01,Camiseta de manga larga con el logo de Cobra Kai,"10,00€"
https://cdn.media.amplience.net/i/primark/991091279414_01,Camiseta de manga corta de Spider-Man de Marvel,"7,00€"
https://cdn.media.amplience.net/i/primark/991089092112_01,Camiseta abstracta con tigre,"2,30€"
https://cdn.media.amplience.net/i/primark/991098598108_01,Camiseta de manga larga de los Munchlings de Disney,"9,00€"
https://cdn.media.amplience.net/i/primark/991089306716_01,Camiseta de estampado gráfico de mando de videojuego,"2,80€"